X, Y
0.29985583936905347, 0.0717864422993583
0.299558941647289, 0.069854522925207
0.29989825332930553, 0.06885747946313639
0.29985583936905347, 0.06775773402715135
0.29985583936905347, 0.06570849370652271
0.29985583936905347, 0.06372385743131107
0.29985583936905347, 0.06173922115609945
0.30317826625546485, 0.07147412788551363
0.30351757793748135, 0.06950721157704495
0.30351757793748135, 0.06892835933010821
0.30351757793748135, 0.0682668139050377
0.30351757793748135, 0.06761560512723389
0.30351757793748135, 0.06708843611663079
0.3032536688514684, 0.06538288931762079
0.3032536688514684, 0.06339825304240918
0.3032536688514684, 0.06141361676719753
0.3045732142815326, 0.06492807683788479
0.3045732142815326, 0.06290209397360627
0.3045732142815326, 0.06091745769839463
0.30544034413557475, 0.07102226873356812
0.30747621422767357, 0.06888701274104131
0.30708035059865435, 0.06834950708317147
0.3077401233136865, 0.0677086349526344
0.30747621422767357, 0.06699540629123024
0.30747621422767357, 0.06646823728062715
0.3079286298036956, 0.06465194068947366
0.3080040323996992, 0.06265401443920482
0.3080040323996992, 0.060669378163993176
0.3087627710219861, 0.07073985676360217
0.3093235778297634, 0.06215785537040189
0.3093235778297634, 0.06017321909519027
0.3101907076838054, 0.0641735015874137
0.31173174823963035, 0.07030571757839962
0.3114348505178659, 0.06834123776535811
0.3114348505178659, 0.06783267471983515
0.3114348505178659, 0.06710084009335085
0.3114348505178659, 0.06646823728062715
0.3114348505178659, 0.06588525037478374
0.31275439594793, 0.061909775836000436
0.31275439594793, 0.05992513956078882
0.3135461232059684, 0.06389441211121208
0.31407394137799405, 0.06141361676719753
0.31407394137799405, 0.05942898049198592
0.3148656686360326, 0.06339825304240918
0.3150965890862938, 0.06999561816039782
0.3150541751260416, 0.0677086349526344
0.31573279849007463, 0.0667251767984001
0.3153934868080581, 0.06591005832822389
0.3153934868080581, 0.0653022634689403
0.3176103231305658, 0.06727449576743189
0.3180655663039379, 0.06956923146064531
0.31750475949616064, 0.06116553723279608
0.31750475949616064, 0.059180900957584465
0.3182964867541991, 0.06315017350800772
0.3188243049262248, 0.060669378163993176
0.3188243049262248, 0.05868474188878156
0.31961603218426327, 0.0660340980954246
0.31935212309825045, 0.06528985949222024
0.31935212309825045, 0.06473168053981698
0.31961603218426327, 0.06268502438100498
0.32059626593231083, 0.06696439634943005
0.32143040715060134, 0.0692591320426435
0.3222551230443914, 0.060421298629591724
0.3222551230443914, 0.05843666235438011
0.3236076571102071, 0.06642172236792687
0.32331075938844267, 0.06528985949222024
0.32331075938844267, 0.06463451605550974
0.32331075938844267, 0.06411148170381334
0.3229714477064263, 0.06241922487986057
0.3235746684744556, 0.05992513956078882
0.3235746684744556, 0.057940503285577205
0.32455490222250316, 0.06883385284081245
0.32523352558653607, 0.06194078577780063
0.3269300839966185, 0.06612269792913941
0.327269395678635, 0.06474408451653704
0.327269395678635, 0.06411148170381334
0.327269395678635, 0.06352849479796993
0.3270054865926222, 0.05967706002638737
0.3270054865926222, 0.05769242375117575
0.32772181125465694, 0.06862121323989692
0.32832503202268626, 0.059180900957584465
0.32832503202268626, 0.05719626468237282
0.3291921618767284, 0.06566197879382243
0.3285889411086991, 0.061661696301598984
0.32977653199575674, 0.06822546731597079
0.32990848653876326, 0.06118621052732956
0.3312280319688272, 0.0641735015874137
0.3312280319688272, 0.06355330275141008
0.3312280319688272, 0.06293310391540644
0.33175585014085285, 0.05893282142318301
0.33168044754484927, 0.0569260351895427
0.3324721748028877, 0.06539617929267802
0.33307539557091703, 0.058478008943446985
0.33326390206092615, 0.06800101440389328
0.33326390206092615, 0.06093074767345186
0.33394252542495917, 0.05643873610411124
0.3347342526829976, 0.06494432014073251
0.33518666825901955, 0.06355330275141008
0.3347908046300003, 0.06299512379900679
0.33545057734503236, 0.06240938045389227
0.33552597994103606, 0.060452308571391916
0.3363177071990745, 0.0675757352020622
0.33643081109307993, 0.05821959276177882
0.33729794094712207, 0.056203946544767014
0.338056679569409, 0.06466190817076656
0.33869288897318983, 0.05773229367634741
0.33861748637718625, 0.05570778747596411
0.33914530454921177, 0.06295791186884658
0.33914530454921177, 0.06230877042049612
0.33914530454921177, 0.06176713010371959
0.33888139546319895, 0.06017321909519027
0.3399370318072503, 0.06729000073833197
0.34020094089326314, 0.05971840661545427
0.3410256567870531, 0.06419675904376385
0.34204830449535284, 0.057444344216774273
0.34204830449535284, 0.05545970794156266
0.3431039408394041, 0.06691788143672978
0.3431039408394041, 0.06243694484660353
0.3431039408394041, 0.06181674601059989
0.3431039408394041, 0.06120895115131633
0.3433678499254169, 0.05696885844250485
0.3433678499254169, 0.054994558814559946
0.34355635641542603, 0.05948657038390054
0.3443480836734645, 0.06390770208626931
0.34581843429553594, 0.05898155133172614
0.3466101615535744, 0.06346470291769526
0.3467232654475799, 0.06663657696468528
0.34706257712959643, 0.06181674601059989
0.3466667135005771, 0.061227557116396464
0.34732648621560924, 0.06068488313489326
0.3467232654475799, 0.05671339558862715
0.3467232654475799, 0.054746479280158494
0.3489853433276898, 0.056234956486567206
0.3489853433276898, 0.05425918019472706
0.3497016679897246, 0.06628217762982605
0.34909844722169525, 0.05869803186383879
0.3498901744797337, 0.0632697832835227
0.35102121341978865, 0.061320586941796984
0.35102121341978865, 0.06070038810579337
0.35102121341978865, 0.060080189269789724
0.35136052510180515, 0.05821959276177882
0.3521522523598436, 0.06282678411494866
0.3523407588498527, 0.05595586701036556
0.352265356253849, 0.053940220793353755
0.353170187405893, 0.0660340980954246
0.3536603042799169, 0.05550105453062956
0.35452743413395893, 0.053461781691293814
0.354979849709981, 0.060725196059233516
0.354979849709981, 0.06007191995197636
0.354979849709981, 0.059534414294106525
0.35464053802796447, 0.05793607329389147
0.35616744059703864, 0.06568265208835589
0.355474679246255, 0.06256098461380427
0.35690261590807437, 0.05746649417520297
0.3570157198020798, 0.05526921829907583
0.3584436564638992, 0.062126845428601724
0.35788284965612194, 0.05322699213194959
0.3589384860001732, 0.060204229036990464
0.358542622371154, 0.059635713437320464
0.359202395086186, 0.05903963344493918
0.3592777976821897, 0.054773059230272925
0.359202395086186, 0.05276184300494685
0.35950400547020067, 0.06543161922616392
0.3601826288342336, 0.05716525474057266
0.36180849731056264, 0.0618322509815
0.3624447067143435, 0.05671339558862715
0.3628971222903655, 0.06512447313595263
0.3628971222903655, 0.05965845406130724
0.3628971222903655, 0.05902998590749023
0.3628971222903655, 0.058442864342740125
0.362557810608349, 0.054498399745757015
0.362557810608349, 0.05254034342065986
0.36459368070044784, 0.061444626708997724
0.3648198884884589, 0.054019960643697074
0.3648198884884589, 0.052044184351856954
0.3657247196405028, 0.0564210161373683
0.3666295507925468, 0.0648114203901603
0.36685575858055774, 0.059112679085624065
0.36685575858055774, 0.05846767229618027
0.36685575858055774, 0.05790949334377701
0.3679867975206127, 0.05596915698542279
0.3680999014146181, 0.06117882720785331
0.3680999014146181, 0.053736441175809724
0.3680999014146181, 0.051769524867341044
0.3702488754007226, 0.06447474102204404
0.370361979294728, 0.06077126797276522
0.370361979294728, 0.05326686205712125
0.370361979294728, 0.0512999457486526
0.3708143948707501, 0.05859171206338101
0.37041853124173085, 0.05800252316917759
0.3710783039567629, 0.057427116471329726
0.371266810446772, 0.05567677753416392
0.3735288883268819, 0.055224918382218435
0.37398130390290385, 0.06427273340117429
0.3736844061811394, 0.060545338396792464
0.37364199222088734, 0.05299220257260534
0.37364199222088734, 0.05102528626413669
0.3747730311609423, 0.05809555299457811
0.37437716753192307, 0.05753737404217482
0.3750369402469551, 0.0569102841079934
0.37590407010099725, 0.05253148343728836
0.37590407010099725, 0.05056456712881968
0.3766533833987836, 0.06014220915339008
0.37680890125304123, 0.05495911888107402
0.3779399401930962, 0.06395023000645242
0.3787316674511346, 0.05757458597233506
0.3787316674511346, 0.056954387136331414
0.3787316674511346, 0.05634659227704786
0.37907097913315113, 0.054498399745757015
0.37918408302715656, 0.05226568393614395
0.37918408302715656, 0.05028104766093233
0.379975810285195, 0.05993842953584605
0.38144616090726646, 0.05180496480082694
0.38144616090726646, 0.049820328525615326
0.3818985764832884, 0.06365253456517064
0.3822378881653049, 0.05953087030075796
0.38269030374132684, 0.05705361895009198
0.38269030374132684, 0.05642515079627497
0.38269030374132684, 0.055825625254804806
0.38235099205931034, 0.05423260024461263
0.38461306993942024, 0.05378074109266712
0.3847261738334258, 0.05154802528305405
0.38476858779367784, 0.04952905657227791
0.38585721277348073, 0.06333003117044878
0.38563100498546965, 0.05933595066658537
0.3866489400315192, 0.056557459881289074
0.3866489400315192, 0.055928991727472066
0.3866489400315192, 0.055317062209281814
0.3869882517135357, 0.05106958618099408
0.38773756501132206, 0.049056154959825155
0.3884963036336089, 0.05896383136498318
0.38789308286557955, 0.053532661558265665
0.38981584906367295, 0.06298626381563532
0.39015516074568946, 0.053054222456205724
0.3906075763217114, 0.05606130081248617
0.3906075763217114, 0.05543283265866916
0.3906075763217114, 0.05482090314047891
0.3902682646396949, 0.05083922661333559
0.39105999189773344, 0.048757130521037695
0.3919648230497773, 0.058715751830581725
0.3925303425198048, 0.05039622744476155
0.39332206977784323, 0.048305271369092184
0.39351057626785235, 0.06274704426460534
0.39343517367184877, 0.05282386288854721
0.39501862818792566, 0.0583259125622366
0.3945662126119037, 0.055589949697123414
0.3945662126119037, 0.05497802017893316
0.3944342580688973, 0.054312340094955947
0.3956972515519587, 0.05238086371997319
0.3958103554459641, 0.05013928792698863
0.39660208270400255, 0.04804833185131924
0.3979593294320686, 0.062401504913117634
0.398072433326074, 0.049687428775043146
0.398298641114085, 0.05811327296132107
0.39852484890209594, 0.05509379062832051
0.39852484890209594, 0.05447359179231687
0.39839289435908964, 0.05381618102615304
0.39886416058411245, 0.047596472699373754
0.398977264478118, 0.05212392420220027
0.4012393423582279, 0.05167206505025476
0.40195566702026264, 0.06216819201766863
0.4016917579342498, 0.05774115365971888
0.4013948602124854, 0.049405016805077195
0.40221957610627546, 0.054622439512957754
0.40241150998701203, 0.05359629234793356
0.40214417351027176, 0.047392693081829695
0.4043638374301296, 0.048939867678074456
0.40440625139038167, 0.046940833929884185
0.40456176924463916, 0.05138965308028881
0.40565039422444205, 0.061965593731240776
0.40531108254242554, 0.0574576341918315
0.4057634981184476, 0.05286816280540463
0.4061782123964677, 0.0541469537386883
0.40749775782653186, 0.05360944808081847
0.4075307464622834, 0.05093225643873614
0.4084214396275767, 0.05712390815150575
0.407686264316541, 0.04866853068732288
0.40772867827679304, 0.04665288447031107
0.4096090305146344, 0.061717514196839324
0.40952106081929673, 0.052651585434101755
0.4099483421966509, 0.04821667153537737
0.41069765549443726, 0.046210992799658485
0.41106053048770486, 0.05356810149175159
0.41085317334869476, 0.050653166962534496
0.41175800450073874, 0.056872875289313785
0.4122104200767608, 0.05205304433522842
0.41311525122880466, 0.050227887760703444
0.4135676668048266, 0.06146943466243787
0.41386456452659104, 0.053040932481148495
0.4132283551228101, 0.04801289191783334
0.41402008238084864, 0.04593965580890688
0.41537732910891456, 0.05653619592119752
0.41549043300292, 0.047569892749259296
0.4158548788836044, 0.051824653652763564
0.41628216026095843, 0.0454877966569614
0.416395264154964, 0.049997528193044954
0.4175263030950189, 0.06124616308147657
0.4171869914130024, 0.052850442838661665
0.4186149280748218, 0.051304375740338304
0.4186573420350739, 0.04955452902447091
0.4191097576110958, 0.05627630307563411
0.41881285988933137, 0.04730409324811488
0.4201983825908987, 0.05237421873244458
0.41956217318711775, 0.0453017370061603
0.42148493938521114, 0.06096914093472827
0.4217818371069756, 0.04686995406291233
0.42182425106722765, 0.04484987785421479
0.42250287443126067, 0.0559159970851939
0.42197976892148525, 0.050994276322336496
0.42197976892148525, 0.0492887295233265
0.4235208094773101, 0.05212392420220027
0.4249487461391295, 0.05056013713713395
0.4249487461391295, 0.04885459033812398
0.4254435756754035, 0.060774811966113784
0.42514667795363903, 0.046559854644910526
0.42510426399338697, 0.0446638182034137
0.4262353029334419, 0.05566791755079245
0.42653220065520636, 0.051676495041940496
0.42736634187349687, 0.04422081903483968
0.42827117302554074, 0.04613457544307947
0.4283135869857929, 0.05025003771913214
0.4283135869857929, 0.04854449092012214
0.4294022119655957, 0.06057634833859263
0.42996773143562317, 0.05538439808290507
0.4298970415018698, 0.05141291053663896
0.431282564203437, 0.049846908475729784
0.431282564203437, 0.04811035173491959
0.43068876875990825, 0.04397052450459535
0.4314380820576946, 0.045904215875420984
0.432682224891755, 0.05102528626413669
0.433360848255788, 0.06037788471107147
0.433587056043799, 0.05504771871478881
0.43370015993780453, 0.04546121670684694
0.43365774597755247, 0.0435363853193928
0.43464740505010047, 0.04953680905772795
0.43464740505010047, 0.047800252316917785
0.4361884456059253, 0.05075948676299227
0.43731948454598024, 0.06016701710683023
0.43731948454598024, 0.054799639180387355
0.4377719001220023, 0.049111529855896924
0.4377719001220023, 0.04737497311508673
0.43698017286396384, 0.04528401703941734
0.43698017286396384, 0.04331710073094866
0.4391998367838216, 0.05034306754453269
0.43943075723408276, 0.044843971198633814
0.43903489360506354, 0.042921354807022555
0.44127812083617257, 0.06000576540946931
0.44101421175015976, 0.0545604196293574
0.44093880915415606, 0.04889889025498137
0.44093880915415606, 0.047144613547428244
0.44252226367023295, 0.05013928792698863
0.44299352989525587, 0.04850314433105524
0.44320088703426597, 0.0467016143788542
0.44252226367023295, 0.04468153817015666
0.44252226367023295, 0.042696901894945044
0.4447089389543393, 0.04976421529759595
0.44457698441133275, 0.044285792246230554
0.44478434155034285, 0.042289342659856954
0.4452367571263648, 0.059794897805228064
0.4455006662123777, 0.05422964691682211
0.4464808999604253, 0.048278691418977726
0.4464808999604253, 0.0465244147114246
0.4481774583705076, 0.04953680905772795
0.4487429778405352, 0.047871132183889636
0.4487429778405352, 0.046081415542850584
0.44806435447650217, 0.044061339334153043
0.44806435447650217, 0.0420767030589414
0.4491953934165571, 0.05964605008458718
0.4490634388735507, 0.05398156738242066
0.45123126350865594, 0.04914696978938282
0.4511181596146505, 0.04363606013232196
0.4511181596146505, 0.04165142385711032
0.4520229907666945, 0.04765849258297411
0.4520229907666945, 0.045904215875420984
0.45315402970674945, 0.05947239441050617
0.45328598424975575, 0.0536921412589523
0.4544735751368134, 0.04546417003463746
0.45451127643481526, 0.04891661022172433
0.45507679590484285, 0.04723321338114303
0.4546243803288208, 0.04337026063117755
0.4546243803288208, 0.041385624355965905
0.45711266599694167, 0.05929873873642516
0.45684875691092885, 0.05344406172455085
0.4575085296259609, 0.04856516421465562
0.4575650815729636, 0.0453017370061603
0.4581023250694898, 0.04293169145428927
0.4581023250694898, 0.04094705517907765
0.45858301661901313, 0.046967413879998615
0.4598271594530735, 0.04489417777107221
0.461071302287134, 0.05914989101578427
0.4608073932011211, 0.0531959821901494
0.4608450944991229, 0.04831413135246365
0.462060961359682, 0.046528844703110334
0.4617499256511669, 0.04262602202797319
0.4617499256511669, 0.04064138575276155
0.4631071723792328, 0.04468153817015666
0.4642382113192878, 0.04794201205086146
0.4650299385773262, 0.05902585124858356
0.4650299385773262, 0.05296030663246801
0.4652278703918359, 0.04218745285108491
0.4652278703918359, 0.04020281657587327
0.46582166583536466, 0.046203240314208444
0.46616097751738117, 0.04425625896832558
0.4678575359274636, 0.04765849258297411
0.46898857486751855, 0.05887700352794267
0.46898857486751855, 0.052712227098066555
0.46898857486751855, 0.04583112101260625
0.46898857486751855, 0.04186184846218299
0.46898857486751855, 0.03987721218697138
0.46966719823155145, 0.043990459467181164
0.47096789301261466, 0.04732476654264833
0.47226858779367775, 0.041509664123166645
0.47226858779367775, 0.039525027847955
0.47294721115771077, 0.05874055978402187
0.47294721115771077, 0.0524641475636651
0.47260789947569426, 0.045549816540561755
0.47314514297222043, 0.04355189029029291
0.4743044578857767, 0.04707373368045639
0.4756617046138426, 0.045124537338730675
0.47577480850784815, 0.041208424688536305
0.47577480850784815, 0.03922378841332469
0.4769058474479031, 0.05861652001682116
0.4769058474479031, 0.0522408759827038
0.47679274355389756, 0.04324622086397681
0.47781067859994697, 0.04671933434559716
0.4787532110499928, 0.040854025353677104
0.4786024058579854, 0.0388516691117225
0.4789417175400019, 0.04492961770455811
0.48027068829456654, 0.04280765168708853
0.4808644837380953, 0.05849248024962042
0.4808644837380953, 0.052017604401742495
0.4814300032081228, 0.04645353484445275
0.48178816553914017, 0.04455454507516543
0.48215104053240787, 0.04057493587747546
0.4821086265721558, 0.038603589577321046
0.4840313927702492, 0.04248204729818664
0.48482312002828765, 0.05839324843585986
0.48482312002828765, 0.05179433282078119
0.4850493278162986, 0.04611685547633648
0.48508702911430046, 0.04023382651767346
0.48508702911430046, 0.038249190242461845
0.4852755356043096, 0.044309418868554495
0.487198301802403, 0.042109927996584445
0.48810313295444685, 0.043937299566952304
0.48878175631847987, 0.058281612645379205
0.48878175631847987, 0.05157106123981989
0.48878175631847987, 0.045856962630773074
0.4885555485304689, 0.03998574698327201
0.4885555485304689, 0.03800111070806039
0.4908176264105788, 0.04182862352453995
0.49155280172161453, 0.039634300976203296
0.49155280172161453, 0.03764966470099165
0.4921748731386447, 0.04549665664033284
0.4916517676288693, 0.04367593005749362
0.4927403926086722, 0.05819478480833867
0.4927403926086722, 0.051360193635578644
0.49364522376071607, 0.041456504222937784
0.4947197107537683, 0.0433554939922251
0.49488936659477656, 0.03938326811401133
0.49488936659477656, 0.03739863183879971
0.49590730164082597, 0.04524857710593139
0.4966990288988644, 0.05808314901785805
0.4966990288988644, 0.05117413398477755
0.49715144447488646, 0.041208424688536305
0.49805627562693033, 0.043104461130033134
0.49839558730894684, 0.0390288687791521
0.4982824834149413, 0.03702651253719752
0.4996397301430072, 0.04496505763804404
0.49997904182502373, 0.04083630538693414
0.5006576651890567, 0.05799632118081752
0.5006576651890567, 0.05097567035725639
0.5014493924470952, 0.04273234182843094
0.5020149119171226, 0.03874534931126475
0.5020149119171226, 0.036760713036053105
0.5032590547511832, 0.04462837826992777
0.503485262539194, 0.04058822585253269
0.504616301479249, 0.05793430129721716
0.504616301479249, 0.050789610706455296
0.5050121651082682, 0.03640926702898439
0.5051818209492764, 0.042466542327286555
0.5064636650813388, 0.04023382651767346
0.5059735482073149, 0.03839094997640552
0.5069914832533644, 0.04438029873552632
0.5081790741404221, 0.042115096320217815
0.5085749377694413, 0.05784747346017666
0.5085749377694413, 0.0506035510556542
0.5085749377694413, 0.036181860789116393
0.5094797689214852, 0.03803655064154629
0.5099321844975072, 0.03998574698327201
0.5106862104575439, 0.04414107918449636
0.5117418468015951, 0.04189950339151177
0.511968054589606, 0.035821554798676186
0.5125335740596335, 0.05779785755329633
0.5125335740596335, 0.05044229935829325
0.5129294376886527, 0.039634300976203296
0.5130990935296611, 0.037770751140401876
0.514908755833749, 0.043855787719934675
0.5151349636217598, 0.04152738408990961
0.5154742753037764, 0.03553803533078881
0.5164922103498258, 0.05772343369297592
0.5164922103498258, 0.050243835730772096
0.5162660025618149, 0.03938326811401133
0.5166241648928322, 0.03742225846112365
0.5188673921239412, 0.04351202036512122
0.5188673921239412, 0.041279304555508156
0.5190935999119521, 0.03520135596267254
0.5196591193819796, 0.03901114881240916
0.5204508466400181, 0.05767381778609562
0.5204508466400181, 0.050094988010131236
0.5202246388520072, 0.03715055230439826
0.5228260284141335, 0.043310012744251475
0.5228260284141335, 0.040907185253905964
0.522712924520128, 0.03493555646152813
0.523391547884161, 0.03874534931126475
0.5238439634601829, 0.036813872936281994
0.5244094829302104, 0.057611797902495265
0.5244094829302104, 0.04994614028949035
0.5263888010753065, 0.038393903304196036
0.5262191452342982, 0.0345811571266689
0.5265584569163149, 0.042980421362832394
0.5265584569163149, 0.04062366578601859
0.5275763919623642, 0.036611865315412245
0.5283681192204026, 0.057586989949055145
0.5283681192204026, 0.04978488859212943
0.5301777815244905, 0.04028698641790232
0.5298384698424741, 0.03816059040874703
0.5299515737364796, 0.03433307759226745
0.5309695087825289, 0.04267918192820208
0.5309695087825289, 0.03619367410027835
0.5323267555105949, 0.05753737404217482
0.5323267555105949, 0.04962363689476848
0.5333446905566444, 0.0378061910738878
0.5339102100266718, 0.04003890688350087
0.5336840022386609, 0.034031838157637134
0.5349658463707231, 0.042445869032753075
0.5347019372847103, 0.0359455945658769
0.5362853918007873, 0.05750016211201461
0.5362853918007873, 0.04949959712756774
0.5370771190588257, 0.037546298228324365
0.5376426385288532, 0.03975538741561352
0.5378688463168642, 0.033758950669795534
0.5389244826609153, 0.04219778949835162
0.5384343657868916, 0.03566207509798952
0.5402440280909795, 0.057475354158574465
0.5402440280909795, 0.04936315338364694
0.5404702358789905, 0.03718599223788416
0.5412619631370289, 0.03941870804749725
0.5420536903950673, 0.035325395729873255
0.5418274826070564, 0.03343644727507364
0.5428831189511076, 0.04194970996395017
0.5442026643811718, 0.057475354158574465
0.5442026643811718, 0.0492391136164462
0.5440707098381653, 0.03696744598138768
0.5449943916392103, 0.0391706285130958
0.5457861188972487, 0.0350773161954718
0.5457861188972487, 0.03313875183379189
0.5465778461552872, 0.041771919630962495
0.5475957812013366, 0.03656579340188054
0.548161300671364, 0.05741333427497411
0.548161300671364, 0.04911507384924549
0.5487268201413915, 0.03888710904520842
0.5495185473994301, 0.03479379672758445
0.5497447551874409, 0.03281624843907002
0.5505364824454794, 0.04152384009656104
0.5513282097035178, 0.03631771386747909
0.5521199369615564, 0.05741333427497411
0.5521199369615564, 0.04899103408204475
0.5523461447495672, 0.03855042967709216
0.5531378720076057, 0.03445711735946819
0.5537033914776333, 0.03251855299778825
0.5544951187356717, 0.04130056851559971
0.5550606382056992, 0.03603419439959171
0.5560785732517486, 0.05741333427497411
0.5560785732517486, 0.048891802268284185
0.5560785732517486, 0.038398037963102705
0.556870300509787, 0.034304725645478734
0.5574358199798146, 0.032188961616369194
0.5584537550258639, 0.04107729693463841
0.5584537550258639, 0.03574358694500715
0.5600372095419409, 0.05741333427497411
0.5600372095419409, 0.04878016647780353
0.5601691640849473, 0.03806313059166075
0.5608289367999794, 0.034007030204196986
0.5610551445879902, 0.03185228224825293
0.5624123913160562, 0.040854025353677104
0.5624123913160562, 0.0354955074106057
0.5639958458321331, 0.05741333427497411
0.5639958458321331, 0.04868093466404294
0.5637319367461204, 0.0378150510572593
0.5645613653021607, 0.033677438822777905
0.5647875730901716, 0.031699890534263475
0.5663710276062485, 0.04065556172615595
0.566502982149255, 0.03510684947337678
0.5679544821223255, 0.05741333427497411
0.5679544821223255, 0.04856929887356229
0.5681806899103363, 0.03746951170577156
0.5679544821223255, 0.03343644727507364
0.5688781639233703, 0.03136498316282149
0.5703296638964408, 0.040432290145194616
0.570065754810428, 0.034838096644441846
0.5719131184125177, 0.05743814222841426
0.5719131184125177, 0.048482471036521785
0.5719131184125177, 0.037281680058296185
0.5721770274985305, 0.03314288649269859
0.5724786378825453, 0.031072603711562646
0.5742883001866331, 0.04024623049439352
0.5742883001866331, 0.034552805179880186
0.57587175470271, 0.057475354158574465
0.57587175470271, 0.04840804717620137
0.5757398001597035, 0.036988119275921105
0.5757398001597035, 0.032894806958297135
0.5769273910467612, 0.03078613091588478
0.5782469364768253, 0.040060170843592424
0.5782469364768253, 0.03425510973859844
0.5798303909929022, 0.057475354158574465
0.5798303909929022, 0.04832121933916084
0.5799623455359088, 0.03669869315245275
0.5799623455359088, 0.03260538083482878
0.5804901637079343, 0.030538051381483328
0.5822055727670177, 0.039874111192791356
0.5819793649790067, 0.03392551835717936
0.5837890272830946, 0.05752497006545476
0.5837890272830946, 0.04824679547884039
0.583920981826101, 0.0364506136180513
0.5837890272830946, 0.032394513230587535
0.5847127090841394, 0.03024862525801497
0.5855986895871824, 0.03358883898906309
0.5861642090572099, 0.03968805154199026
0.5877476635732868, 0.05753737404217482
0.5877476635732868, 0.04817237161851998
0.5877476635732868, 0.036239746013810054
0.5874837544872741, 0.032109221766025875
0.5885393908313252, 0.030037757653773728
0.5893311180893638, 0.03343644727507364
0.5901228453474022, 0.03952679984462931
0.5917062998634791, 0.057599393925775205
0.5917062998634791, 0.04809794775819953
0.5918382544064855, 0.035954454549248394
0.5917062998634791, 0.03181979564255752
0.5922341180355047, 0.029752466189212068
0.5934217089225625, 0.03310153990363168
0.5940814816375944, 0.039340740193828216
0.5956649361536713, 0.05762420187921535
0.5956649361536713, 0.04804833185131924
0.5957968906966778, 0.03570637501484694
0.5956649361536713, 0.03160065872050288
0.5961927543256971, 0.029504386654810616
0.5969844815837355, 0.03285346036923023
0.5980401179277868, 0.039179488496467296
0.5996235724438637, 0.05767381778609562
0.5996235724438637, 0.04798631196771888
0.5996235724438637, 0.035520315364045846
0.5998874815298764, 0.03128228998468768
0.6004152997019021, 0.029268711097129224
0.6014332347479515, 0.0325079210177425
0.601998754217979, 0.03903064077582641
0.6035822087340559, 0.05772343369297592
0.6035822087340559, 0.047936696060838585
0.6035822087340559, 0.035272235829644394
0.6038461178200687, 0.03103421045028623
0.6043739359920943, 0.028966880996940808
0.6051656632501329, 0.03232008937026712
0.6059573905081713, 0.03886938907846546
0.6075408450242482, 0.05777304959985621
0.6075408450242482, 0.04789948413067838
0.6075408450242482, 0.03507377220212324
0.6078047541102609, 0.03078613091588478
0.6083325722822867, 0.02877255202832632
0.6089923449973187, 0.03202652858789204
0.6099160267983635, 0.03873294533454469
0.6114994813144404, 0.0578350694834566
0.6114994813144404, 0.04786227220051814
0.6114994813144404, 0.034825692667721786
0.6114994813144404, 0.030608340582897076
0.612291208572479, 0.02852447249392484
0.6132148903735238, 0.03173710246442368
0.6138746630885559, 0.0385840976139038
0.6154581176046328, 0.057884685390336865
0.6154581176046328, 0.047800252316917785
0.6154581176046328, 0.034602421086760454
0.6154581176046328, 0.030360261048495624
0.6162498448626712, 0.02827639295952339
0.6170415721207096, 0.03152623486018244
0.6178332993787481, 0.03846005784670309
0.619416753894825, 0.05797151322737737
0.619416753894825, 0.047800252316917785
0.619416753894825, 0.0344039574592393
0.619416753894825, 0.030083238901747328
0.6202084811528635, 0.028053121378562085
0.621000208410902, 0.03127815532578099
0.6217919356689404, 0.03833601807950235
0.6233753901850173, 0.058033533110977725
0.6233753901850173, 0.04773823243331743
0.6233753901850173, 0.03420549383171817
0.6233753901850173, 0.02988890993313284
0.6241671174430558, 0.02782984979760081
0.6246949356150815, 0.030992863861219327
0.6257505719591326, 0.0382243822890217
0.6273340264752096, 0.05810795697129817
0.6273340264752096, 0.04773823243331743
0.6273340264752096, 0.03398222225075684
0.6273340264752096, 0.029665638352171536
0.6281257537332481, 0.02758177026319933
0.6289174809912865, 0.030781996256978084
0.629709208249325, 0.03810034252182096
0.6312926627654019, 0.05819478480833867
0.6312926627654019, 0.04773823243331743
0.6312926627654019, 0.03378375862323568
0.6312926627654019, 0.029442366771210232
0.6320843900234403, 0.0273833066356782
0.6328761172814787, 0.03053391672257663
0.6336678445395172, 0.03798870673134033
0.6352512990555942, 0.05825680469193903
0.6352512990555942, 0.04767621254971707
0.6352512990555942, 0.033585294995714526
0.6352512990555942, 0.029219095190248928
0.6360430263136326, 0.02713522710127675
0.6369667081146775, 0.03024862525801497
0.6376264808297095, 0.03788947491757971
0.6392099353457864, 0.05835603650569962
0.6392099353457864, 0.04767621254971707
0.6392099353457864, 0.03339923534491343
0.6392099353457864, 0.028995823609287624
0.6400016626038249, 0.026911955520315417
0.6407933898618633, 0.030062565607213876
0.6415851171199017, 0.03779024310381915
0.6431685716359787, 0.058442864342740125
0.6431685716359787, 0.04767621254971707
0.6431685716359787, 0.033213175694112335
0.6431685716359787, 0.02877255202832632
0.6439602988940172, 0.02671349189279426
0.6446200716090491, 0.029793812778278944
0.6455437534100941, 0.037715819243498705
0.647127207926171, 0.05852969217978066
0.647127207926171, 0.04767621254971707
0.647127207926171, 0.033027116043311266
0.647127207926171, 0.028574088400805164
0.6479189351842094, 0.026515028265273105
0.6487106624422478, 0.029616022445291268
0.6495023897002863, 0.03761658742973814
0.6510858442163633, 0.05861652001682116
0.6510858442163633, 0.04767621254971707
0.6510858442163633, 0.03285346036923023
0.6510858442163633, 0.02837562477328401
0.6518775714744017, 0.026291756684311773
0.6526692987324402, 0.029392750864329936
0.6534610259904786, 0.03752975959269764
0.6550444805065555, 0.058728155807301785
0.6550444805065555, 0.04767621254971707
0.6550444805065555, 0.032679804695149195
0.6550444805065555, 0.028152353192322677
0.655836207764594, 0.026093293056790617
0.6566279350226324, 0.029144671329928484
0.6574196622806708, 0.03746773970909725
0.6590031167967478, 0.058827387621062405
0.6590031167967478, 0.04768861652643713
0.6590031167967478, 0.03250614902106819
0.6590031167967478, 0.02795388956480152
0.6597948440547863, 0.02589482942926946
0.6605865713128247, 0.02894620770240733
0.6613782985708632, 0.03739331584877681
0.66296175308694, 0.05893902341154303
0.66296175308694, 0.04773823243331743
0.66296175308694, 0.03235730130042733
0.66296175308694, 0.027755425937280365
0.6637534803449785, 0.025683961825028218
0.6645452076030169, 0.028747744074886172
0.6653369348610555, 0.03734369994189654
0.6669203893771324, 0.05903825522530362
0.6669203893771324, 0.04773823243331743
0.6669203893771324, 0.03219604960306638
0.6669203893771324, 0.02754455833303912
0.6677121166351708, 0.025522710127667297
0.6685038438932093, 0.02852447249392484
0.6692955711512477, 0.03726927608157607
0.6708790256673246, 0.05913748703906421
0.6708790256673246, 0.04773823243331743
0.6708790256673246, 0.03203479790570543
0.6708790256673246, 0.0273833066356782
0.671670752925363, 0.025299438546705966
0.6724624801834015, 0.028326008866403712
0.67325420744144, 0.03723206415141586
0.6748376619575169, 0.05926152680626495
0.6748376619575169, 0.047800252316917785
0.6748376619575169, 0.03188595018506457
0.6748376619575169, 0.02716003505471687
0.6756293892155554, 0.025138186849345018
0.6764211164735938, 0.028127545238882556
0.6772128437316323, 0.03719485222125565
0.6787962982477092, 0.05937316259674558
0.6787962982477092, 0.047800252316917785
0.6787962982477092, 0.03173710246442368
0.6787962982477092, 0.02699878335735592
0.6795880255057476, 0.024927319245103774
0.6803797527637861, 0.02794148558808146
0.6811714800218246, 0.0371328323376553
0.6827549345379015, 0.059484798387226256
0.6827549345379015, 0.04786227220051814
0.6827549345379015, 0.03161306269722297
0.6827549345379015, 0.026800319729834765
0.6835466617959399, 0.024766067547742854
0.6843383890539784, 0.027755425937280365
0.6851301163120168, 0.03712042836093524
0.6867135708280937, 0.05960883815442697
0.6867135708280937, 0.04788708015395829
0.6867135708280937, 0.03146421497658208
0.6867135708280937, 0.026639068032473817
0.6875052980861321, 0.024567603920221698
0.6882970253441707, 0.02756936628647927
0.6890887526022091, 0.03707081245405494
0.690672207118286, 0.05973287792162771
0.690672207118286, 0.047924292084118525
0.690672207118286, 0.031340175209381343
0.690672207118286, 0.02645300838167275
0.6914639343763245, 0.02441875619958081
0.6922556616343629, 0.0273833066356782
0.6930473888924014, 0.03707081245405494
0.6946308434084782, 0.05985691768882842
0.6946308434084782, 0.04797390799099882
0.6946308434084782, 0.03121613544218063
0.6946308434084782, 0.026279352707591713
0.6954225706665168, 0.024245100525499774
0.6962142979245552, 0.027209650961597165
0.6970060251825937, 0.03707081245405494
0.6985894796986706, 0.05999336143274922
0.6985894796986706, 0.04802352389787909
0.6985894796986706, 0.03107969169825983
0.6985894796986706, 0.026105697033510677
0.6993812069567091, 0.024071444851418794
0.7001729342147476, 0.02703599528751613
0.700964661472786, 0.03707081245405494
0.7025481159888629, 0.06011740119994993
0.7025481159888629, 0.0480607358280393
0.7025481159888629, 0.03096805590777918
0.7025481159888629, 0.02593204135942967
0.7033398432469014, 0.023910193154057846
0.7041315705049398, 0.02687474359015518
0.7049232977629782, 0.03704600450061479
0.7065067522790551, 0.06024144096715067
0.7065067522790551, 0.04813515968835977
0.7065067522790551, 0.030856420117298528
0.7065067522790551, 0.02577078966206875
0.7072984795370936, 0.02373653747997681
0.708090206795132, 0.0267010879160742
0.7088819340531705, 0.03707081245405494
0.7104653885692473, 0.06039028868779153
0.7104653885692473, 0.04818477559524004
0.7104653885692473, 0.030757188303537936
0.7104653885692473, 0.025609537964707774
0.7112571158272858, 0.02357528578261589
0.7120488430853242, 0.026539836218713225
0.7128405703433627, 0.03707081245405494
0.7144240248594398, 0.06051432845499227
0.7144240248594398, 0.04824679547884039
0.7144240248594398, 0.030645552513057284
0.7144240248594398, 0.025435882290626766
0.7152157521174782, 0.023426438061975002
0.7160074793755167, 0.026390988498072365
0.7167992066335551, 0.03707081245405494
0.718382661149632, 0.06066317617563316
0.718382661149632, 0.04830881536244075
0.718382661149632, 0.03054632069929672
0.718382661149632, 0.025287034569985906
0.7191743884076705, 0.023277590341334115
0.7199661156657089, 0.026242140777431505
0.7207578429237473, 0.03707081245405494
0.7223412974398242, 0.06078721594283387
0.7223412974398242, 0.04838323922276122
0.7223412974398242, 0.030447088885536128
0.7223412974398242, 0.025138186849345018
0.7231330246978627, 0.023116338643973194
0.7239247519559011, 0.026093293056790617
0.7247164792139396, 0.03710802438421515
0.7262999337300164, 0.06094846764019482
0.7262999337300164, 0.04844525910636158
0.7262999337300164, 0.030347857071775536
0.7262999337300164, 0.02497693515198407
0.7270916609880549, 0.022979894900052394
0.7278833882460933, 0.02593204135942967
0.7286751155041318, 0.0371328323376553
0.7302585700202089, 0.06110971933755574
0.7302585700202089, 0.04853208694340208
0.7302585700202089, 0.03027343321145512
0.7302585700202089, 0.02481568345462315
0.7310502972782473, 0.022831047179411507
0.7318420245362858, 0.025808001592228957
0.7326337517943242, 0.03717004426781553
0.7342172063104011, 0.061258567058196656
0.7342172063104011, 0.04860651080372255
0.7342172063104011, 0.030186605374414643
0.7342172063104011, 0.024691643687422438
0.7350089335684395, 0.022682199458770674
0.735800660826478, 0.025659153871588097
0.7365923880845164, 0.03720725619797574
0.7381758426005933, 0.061407414778837544
0.7381758426005933, 0.04868093466404297
0.7381758426005933, 0.03009977753737411
0.7381758426005933, 0.024542795966781578
0.7389675698586318, 0.022558159691569935
0.7397592971166702, 0.025535114104387385
0.7405510243747087, 0.03725687210485604
0.7421344788907855, 0.061568666476198464
0.7421344788907855, 0.04878016647780356
0.7421344788907855, 0.030037757653773756
0.7421344788907855, 0.02439394824614069
0.742926206148824, 0.022409311970929074
0.7437179334068624, 0.025411074337186645
0.7445096606649009, 0.03730648801173636
0.746093115180978, 0.06172991817355941
0.746093115180978, 0.048866994314844064
0.746093115180978, 0.02996333379345334
0.746093115180978, 0.02426990847893995
0.7468848424390164, 0.022285272203728335
0.7476765696970549, 0.025287034569985933
0.7484682969550933, 0.03736850789533672
0.7500517514711702, 0.0618787658942003
0.7500517514711702, 0.04894141817516451
0.7500517514711702, 0.029913717886573016
0.7500517514711702, 0.02412106075829909
0.7508434787292086, 0.022161232436527623
0.7516352059872471, 0.025175398779505254
0.7524269332452855, 0.037418123802216985
0.7540103877613624, 0.06204001759156122
0.7540103877613624, 0.04905305396564513
0.7540103877613624, 0.02985169800297266
0.7540103877613624, 0.02399702099109835
0.7548021150194009, 0.022024788692606823
0.7555938422774393, 0.02505135901230454
0.7563855695354778, 0.03749254766253743
0.7579690240515546, 0.062226077242362315
0.7579690240515546, 0.04915228577940575
0.7579690240515546, 0.02980208209609239
0.7579690240515546, 0.023860577247177578
0.7587607513095931, 0.021900748925406083
0.7595524785676315, 0.02495212719854395
0.7603442058256702, 0.03756697152285787
0.7619276603417471, 0.06238732893972326
0.7619276603417471, 0.049263921569886376
0.7619276603417471, 0.029752466189212096
0.7619276603417471, 0.023736537479976838
0.7627193875997855, 0.02177670915820537
0.763511114857824, 0.024840491408063325
0.7643028421158624, 0.03764139538317829
0.7658862966319393, 0.06257338859052436
0.7658862966319393, 0.04936315338364697
0.7658862966319393, 0.029690446305611712
0.7658862966319393, 0.023612497712776126
0.7666780238899777, 0.02165266939100463
0.7674697511480162, 0.024741259594302706
0.7682614784060546, 0.03772822322021879
0.7698449329221315, 0.06274704426460537
0.7698449329221315, 0.04947478917412762
0.7698449329221315, 0.029665638352171564
0.7698449329221315, 0.023500861922295446
0.77063666018017, 0.02154103360052398
0.7714283874382084, 0.02464202778054214
0.7722201146962469, 0.037802647080539264
0.7738035692123237, 0.0629206999386864
0.7738035692123237, 0.0495864249646083
0.7738035692123237, 0.029628426422011356
0.7738035692123237, 0.023376822155094734
0.7745952964703622, 0.021429397810043327
0.7753870237284008, 0.024555199943501638
0.7761787509864393, 0.03790187889429983
0.7777622055025162, 0.0631067595894875
0.7777622055025162, 0.049698060755088924
0.7777622055025162, 0.029603618468571208
0.7777622055025162, 0.023252782387893994
0.7785539327605546, 0.021317762019562675
0.7793456600185931, 0.024468372106461134
0.7801373872766315, 0.03798870673134036
0.7817208417927084, 0.06330522321700865
0.7817208417927084, 0.049822100522289664
0.7817208417927084, 0.029566406538411
0.7817208417927084, 0.02314114659741337
0.7825125690507468, 0.021206126229081995
0.7833042963087853, 0.02438154426942063
0.7840960235668237, 0.038100342521820985
0.7856794780829006, 0.06349128286780975
0.7856794780829006, 0.049946140289490376
0.7856794780829006, 0.029566406538411
0.7856794780829006, 0.023041914783652778
0.7864712053409391, 0.02110689441532143
0.7872629325989775, 0.024307120409100186
0.788054659857016, 0.03819957433558155
0.7896381143730928, 0.06367734251861082
0.7896381143730928, 0.050070180056691116
0.7896381143730928, 0.029541598584970852
0.7896381143730928, 0.022942682969892186
0.7904298416311315, 0.020995258624840807
0.79122156888917, 0.024232696548779742
0.7920132961472084, 0.03832361410278229
0.7935967506632853, 0.06387580614613197
0.7935967506632853, 0.050206623800611916
0.7935967506632853, 0.029504386654810644
0.7935967506632853, 0.022818643202691447
0.7943884779213237, 0.020896026811080187
0.7951802051793622, 0.024158272688459326
0.7959719324374006, 0.03843524989326294
0.7975553869534775, 0.0640990777270933
0.7975553869534775, 0.050343067544532716
0.7975553869534775, 0.029504386654810644
0.7975553869534775, 0.02273181536565097
0.7983471142115159, 0.020784391020599563
0.7991388414695544, 0.02409625280485897
0.7999305687275928, 0.03855928966046368
0.8015140232436697, 0.06429754135461446
0.8015140232436697, 0.05046710731173343
0.8015140232436697, 0.029504386654810644
0.8015140232436697, 0.02263258355189035
0.8023057505017082, 0.02070996716027909
0.8030974777597466, 0.024034232921258586
0.803889205017785, 0.03868332942766439
0.8054726595338622, 0.06449600498213562
0.8054726595338622, 0.050615955032374316
0.8054726595338622, 0.029504386654810644
0.8054726595338622, 0.022520947761409726
0.8062643867919006, 0.020610735346518527
0.807056114049939, 0.02398461701437829
0.8078478413079775, 0.03880736919486513
0.8094312958240544, 0.06474408451653707
0.8094312958240544, 0.050764802753015204
0.8094312958240544, 0.029504386654810644
0.8094312958240544, 0.022434119924369222
0.8102230230820928, 0.020523907509478023
0.8110147503401313, 0.023935001107497994
0.8118064775981697, 0.03893140896206587
0.8133899321142466, 0.0649673560974984
0.8133899321142466, 0.050901246496935976
0.8133899321142466, 0.029541598584970852
0.8133899321142466, 0.02234729208732869
0.814181659372285, 0.02042467569571743
0.8149733866303235, 0.023885385200617726
0.8157651138883619, 0.03908025668270673
0.8174805229474453, 0.06514514643048608
0.8173485684044388, 0.051062498194296924
0.8173485684044388, 0.029566406538411
0.8173485684044388, 0.022260464250288187
0.8181402956624773, 0.020350251835397015
0.8189320229205157, 0.023848173270457518
0.8197237501785541, 0.03922910440334762
0.8213072046946313, 0.06541389925942101
0.8213072046946313, 0.05121134591493781
0.8213072046946313, 0.029566406538411
0.8213072046946313, 0.022161232436527623
0.8220989319526697, 0.020251020021636423
0.8228906592107081, 0.023798557363577194
0.8236823864687466, 0.03936554814726839
0.825133886441817, 0.0655999589102221
0.8252658409848235, 0.05136019363557867
0.8252658409848235, 0.029616022445291296
0.8252658409848235, 0.02209921255292724
0.8260575682428619, 0.02016419218459592
0.8268492955009004, 0.023786153386857134
0.8276410227589388, 0.03952679984462934
0.8292244772750157, 0.06588525037478377
0.8292244772750157, 0.05153384930965968
0.8292244772750157, 0.029628426422011356
0.8292244772750157, 0.022012384715886735
0.8300162045330541, 0.020102172300995563
0.8308079317910926, 0.023736537479976838
0.831599659049131, 0.03967564756527023
0.8331831135652079, 0.06613332990918522
0.8331831135652079, 0.051707504983740715
0.8331831135652079, 0.029690446305611712
0.8331831135652079, 0.02193796085556632
0.8339748408232464, 0.02001534446395503
0.8347665680812848, 0.023736537479976838
0.8355582953393232, 0.03982449528591109
0.8371417498554004, 0.06638140944358667
0.8371417498554004, 0.051856352704381575
0.8371417498554004, 0.029715254259051888
0.8371417498554004, 0.021863536995245875
0.8379334771134388, 0.019940920603634615
0.8387252043714772, 0.02369932554981663
0.8395169316295157, 0.040022958913432244
0.8411003861455926, 0.06662948897798812
0.8411003861455926, 0.05205481633190273
0.8411003861455926, 0.029764870165932156
0.8411003861455926, 0.02178911313492543
0.841892113403631, 0.01987890072003426
0.8426838406616695, 0.023674517596376482
0.8434755679197079, 0.04017180663407313
0.8449270678927783, 0.06684035658222937
0.8450590224357848, 0.05221606802926368
0.8450590224357848, 0.02981448607281245
0.8450590224357848, 0.021727093251325075
0.8458507496938232, 0.019792072882993728
0.8466424769518617, 0.023674517596376482
0.8474342042099001, 0.04034546230815417
0.849017658725977, 0.06707957613325932
0.849017658725977, 0.052402127680064775
0.849017658725977, 0.029864101979692748
0.849017658725977, 0.02165266939100463
0.8498093859840155, 0.01974245697611343
0.8506011132420539, 0.023674517596376482
0.8513928405000926, 0.040531521958955236
0.8529762950161695, 0.06742334348807277
0.8529762950161695, 0.05257578335414578
0.8529762950161695, 0.029938525840013164
0.8529762950161695, 0.021590649507404275
0.8537680222742079, 0.019668033115793015
0.8545597495322463, 0.023674517596376482
0.8553514767902848, 0.040692773656316183
0.8566710222203489, 0.06762594177450063
0.8569349313063617, 0.05276184300494688
0.8569349313063617, 0.029988141746893487
0.8569349313063617, 0.02152862962380392
0.8577266585644001, 0.01960601323219266
0.8585183858224386, 0.023674517596376482
0.859310113080477, 0.04090364126055743
0.861119775384565, 0.06791241457017849
0.8608935675965539, 0.052960306632468035
0.8608935675965539, 0.030062565607213904
0.8608935675965539, 0.021479013716923623
0.8616852948545923, 0.019543993348592276
0.8624770221126308, 0.023674517596376482
0.8632687493706692, 0.041077296934638435
0.8647202493437398, 0.06820479402143736
0.8648522038867461, 0.05314636628326913
0.8648522038867461, 0.030149393444254408
0.8648522038867461, 0.02141699383332324
0.8656439311447846, 0.01948197346499192
0.8664356584028232, 0.023724133503256778
0.8672273856608617, 0.04127576056215959
0.8688108401769385, 0.06853970139287932
0.8688108401769385, 0.05333242593407023
0.8688108401769385, 0.03022381730457485
0.8688108401769385, 0.02137978190316303
0.869602567434977, 0.019419953581391564
0.8703942946930154, 0.023736537479976838
0.8711860219510539, 0.04147422418968075
0.8727694764671308, 0.06873196303204043
0.8727694764671308, 0.05355569751503153
0.8727694764671308, 0.030310645141615356
0.8727694764671308, 0.021317762019562675
0.8735612037251692, 0.019370337674511268
0.8743529309832077, 0.023748941456696898
0.8751446582412461, 0.0416726878172019
0.876728112757323, 0.06906421240847094
0.876728112757323, 0.05375416114255269
0.876728112757323, 0.03040987695537592
0.876728112757323, 0.02126814611268238
0.8775198400153614, 0.01932072176763097
0.8783115672733999, 0.023798557363577194
0.8791032945314383, 0.041895959398163235
0.8806867490475152, 0.06935216186804408
0.8806867490475152, 0.05395262477007384
0.8806867490475152, 0.03049670479241645
0.8806867490475152, 0.02123093418252217
0.8814784763055539, 0.019271105860750676
0.8822702035635923, 0.02382336531701737
0.8830619308216308, 0.04209442302568439
0.8846453853377076, 0.06968441124447458
0.8846453853377076, 0.054175896351035174
0.8846453853377076, 0.030583532629456955
0.8846453853377076, 0.021193722252361935
0.8854371125957461, 0.01920908597715032
0.8862288398537845, 0.023860577247177578
0.887020567111823, 0.04229288665320555
0.8886040216278999, 0.06997236070404772
0.8886040216278999, 0.05437435997855633
0.8886040216278999, 0.030707572396657695
0.8886040216278999, 0.02114410634548164
0.8893957488859383, 0.01917187404699011
0.8901874761439768, 0.023922597130777934
0.8909792034020152, 0.04251615823416688
0.8925626579180921, 0.07030461008047822
0.8928265670041049, 0.054560419629357426
0.8925626579180921, 0.03081920818713832
0.8925626579180921, 0.02111929839204152
0.8933543851761305, 0.019134662116829904
0.894146112434169, 0.023959809060938142
0.8949378396922074, 0.04273942981512818
0.8962950864202734, 0.07060584951510857
0.8965212942082845, 0.05482090314047894
0.8965212942082845, 0.030930843977619
0.8965212942082845, 0.021069682485161223
0.897313021466323, 0.01908504620994958
0.8981047487243614, 0.024009424967818438
0.8988964759823999, 0.04296270139608949
0.9007061382864876, 0.07099568878345369
0.9004799304984767, 0.05504417472144027
0.9004799304984767, 0.03105488374481971
0.9004799304984767, 0.021057278508441163
0.9012716577565152, 0.019035430303069284
0.9020633850145536, 0.024083848828138882
0.9028551122725921, 0.04318597297705079
0.904438566788669, 0.07129692821808403
0.904438566788669, 0.055267446302401574
0.904438566788669, 0.03117892351202045
0.904438566788669, 0.021007662601560867
0.9052302940467074, 0.019010622349629164
0.9060220213047459, 0.024133464735019178
0.9068137485627843, 0.043409244558012094
0.9081992712643516, 0.07161588761945734
0.9083972030788612, 0.05549071788336288
0.9083972030788612, 0.03130296327922116
0.9083972030788612, 0.021007662601560867
0.9091889303368996, 0.018961006442748868
0.9099806575949381, 0.024220292572059682
0.9107723848529765, 0.04360357352662658
0.9122568734617986, 0.07197250195015942
0.9123558393690536, 0.05573879741776433
0.9123558393690536, 0.03143940702314196
0.9123558393690536, 0.02097045067140063
0.9131475666270921, 0.01893619848930872
0.9139392938851305, 0.024294716432380126
0.914731021143169, 0.04388059567337488
0.9163144756592458, 0.07232911628086153
0.9161825211162393, 0.055924857068565426
0.9163144756592458, 0.03158825474378282
0.9163144756592458, 0.020945642717960483
0.9171062029172843, 0.018898986559148512
0.9178979301753227, 0.024369140292700542
0.9186896574333612, 0.04412867520777633
0.9202731119494381, 0.07270123558246369
0.9202731119494381, 0.056210148533127086
0.9202731119494381, 0.03173710246442371
0.9202731119494381, 0.020945642717960483
0.9210648392074765, 0.018861774628988304
0.921856566465515, 0.024455968129741046
0.9223843846375406, 0.044306465540764006
0.9242317482396303, 0.07307335488406588
0.9242317482396303, 0.05645822806752854
0.9242317482396303, 0.0318859501850646
0.9242317482396303, 0.020945642717960483
0.9250234754976687, 0.018836966675548128
0.9258152027557072, 0.024555199943501638
0.926343020927733, 0.04455454507516546
0.9281903845298227, 0.07344547418566805
0.9281903845298227, 0.05670630760192999
0.9281903845298227, 0.03204720188242552
0.9281903845298227, 0.020933238741240423
0.9289821117878612, 0.01881215872210798
0.9297738390458996, 0.02462962380382208
0.9303016572179252, 0.04480262460956691
0.9321490208200149, 0.07381759348727024
0.9320170662770084, 0.05691717520617123
0.9321490208200149, 0.03220845357978647
0.9321490208200149, 0.020883622834360127
0.9329407480780534, 0.018774946791947772
0.9337324753360918, 0.024741259594302706
0.9345242025941303, 0.04512099334538214
0.9360086912029524, 0.07420521775977251
0.9359757025672006, 0.057165254740572685
0.9361076571102072, 0.032369705277147415
0.9361076571102072, 0.020883622834360127
0.9368993843682456, 0.018774946791947772
0.937691111626284, 0.024852895384783386
0.9384828388843225, 0.045340130267436746
0.9398903540097243, 0.0745652776395635
0.9401982479434059, 0.05745468086404104
0.9400662934003994, 0.03255576492794851
0.9400662934003994, 0.020883622834360127
0.9408580206584378, 0.018725330885067476
0.9416497479164765, 0.024964531175264038
0.9424414751745149, 0.0455882098018382
0.9440249296905918, 0.0749787435302326
0.9440249296905918, 0.05774824164641609
0.9440249296905918, 0.03271701662530946
0.9440249296905918, 0.020883622834360127
0.9448166569486303, 0.018712926908347416
0.9456083842066687, 0.025088570942464777
0.94666402055072, 0.045877635925306554
0.9480825318880388, 0.07541460548997958
0.9477196568947712, 0.057950839932843945
0.947983565980784, 0.032903076276110554
0.947983565980784, 0.020883622834360127
0.9487752932388225, 0.018712926908347416
0.9495670204968609, 0.02521261070966549
0.9503587477548994, 0.046162927389868214
0.9518432363637215, 0.07581773473338196
0.9519422022709763, 0.05824026605631233
0.9519422022709763, 0.03308913592691165
0.9519422022709763, 0.020883622834360127
0.9527339295290147, 0.018688118954907268
0.9535256567870531, 0.02533665047686623
0.9541854295020853, 0.04637379499410946
0.9559008385611685, 0.07621914120223985
0.9561647476471813, 0.058529692179780685
0.9559008385611685, 0.033287599554432806
0.9559008385611685, 0.020945642717960483
0.9566925658192069, 0.01865090702474706
0.9574842930772456, 0.02547309422078703
0.9584079748782903, 0.04666322111757781
0.9598594748513609, 0.07663949819108676
0.9598594748513609, 0.05876891173081064
0.9598594748513609, 0.033486063181953934
0.9598594748513609, 0.020945642717960483
0.9606512021093994, 0.01865090702474706
0.9614429293674378, 0.0256095379647078
0.9619707475394634, 0.046911300651979265
0.9638181111415531, 0.07708741957264495
0.9638181111415531, 0.05911267908562409
0.9638181111415531, 0.033709334762915266
0.9638181111415531, 0.020945642717960483
0.9646098383995916, 0.01865090702474706
0.96540156565763, 0.02575838568534869
0.9664195007036793, 0.04719777344765713
0.9677767474317454, 0.07750777656149185
0.9677767474317454, 0.059304940724785205
0.9677767474317454, 0.03390779839043642
0.9677767474317454, 0.020945642717960483
0.9685684746897838, 0.01865090702474706
0.9693602019478222, 0.02590723340598955
0.9700199746628544, 0.047490152898916005
0.9717353837219376, 0.07795431972341446
0.9717353837219376, 0.05968326201474741
0.9717353837219376, 0.03410626201795758
0.9717353837219376, 0.02097045067140063
0.9725271109799762, 0.018601291117866736
0.9733188382380147, 0.026056081126630437
0.9742425200390594, 0.04777957902238436
0.97569402001213, 0.07842567083877724
0.9758259745551365, 0.05993547620805556
0.97569402001213, 0.03432953359891891
0.97569402001213, 0.021007662601560867
0.9764857472701685, 0.018588887141146676
0.9772774745282069, 0.026217332823991385
0.9778429939982345, 0.04801289191783337
0.9796526563023222, 0.07889702195414
0.9796526563023222, 0.0601732190951903
0.9796526563023222, 0.034552805179880214
0.9796526563023222, 0.021007662601560867
0.9804443835603607, 0.018588887141146676
0.9812361108183991, 0.026390988498072393
0.9820278380764376, 0.04839564319948131
0.9836112925925145, 0.07934356511606261
0.9836112925925145, 0.060505468471620805
0.9836112925925145, 0.03477607676084152
0.9836112925925145, 0.021057278508441163
0.9844030198505529, 0.018588887141146676
0.9851947471085913, 0.026539836218713253
0.9859864743666298, 0.04859765082035106
0.9875699288827069, 0.07983352219650547
0.9875699288827069, 0.060793417931193944
0.9875699288827069, 0.03502415629524297
0.9875699288827069, 0.021069682485161223
0.9883616561407453, 0.018588887141146676
0.9891533833987838, 0.02672589586951435
0.9899451106568222, 0.04888560027992417
0.9915285651728991, 0.08031107530022827
0.9915285651728991, 0.06112566730762445
0.9913966106298926, 0.035210215946044066
0.9915285651728991, 0.02111929839204152
0.9923202924309376, 0.018588887141146676
0.993112019688976, 0.026911955520315445
0.9937717924040079, 0.04922670963972617
0.9954872014630913, 0.08080103238067113
0.9954872014630913, 0.06141361676719756
0.9953552469200848, 0.03545829548044552
0.9954872014630913, 0.02113170236876158
0.9962789287211298, 0.018588887141146676
0.9970706559791682, 0.027098015171116513
0.9978623832372067, 0.04956161701116815
0.9994458377532836, 0.08131579741455416
0.9994458377532836, 0.061745866143628064
0.9993138832102773, 0.03570637501484697
0.9994458377532836, 0.021193722252361935
1.000237565011322, 0.018588887141146676
1.0010292922693604, 0.02728407482191761
1.00204722731541, 0.04980260855887239
1.003404474043476, 0.08183676443679722
1.003404474043476, 0.0620338156032012
1.0032725195004695, 0.03595445454924842
1.003404474043476, 0.02121853020580211
1.0041962013015144, 0.018588887141146676
1.0049879285595529, 0.02750734640287894
1.0057796558175913, 0.05008612802675977
1.0073631103336682, 0.08233912549396016
1.0073631103336682, 0.06236606497963171
1.0074950648766747, 0.03624388067271678
1.0073631103336682, 0.02125574213596232
1.0081548375917067, 0.018588887141146676
1.008946564849745, 0.027705810030400096
1.0097382921077835, 0.05037407748633291
1.0113217466238604, 0.08286009251620322
1.0113217466238604, 0.06265401443920485
1.0113217466238604, 0.03653744145509183
1.0113217466238604, 0.021317762019562675
1.0121134738818989, 0.018588887141146676
1.0129052011399373, 0.027904273657921252
1.0136969283979758, 0.05070632686276341
1.0152803829140526, 0.08339346351516633
1.0155442920000655, 0.06307781697714065
1.0150541751260418, 0.036725273102567235
1.0152803829140526, 0.02136737792644297
1.016072110172091, 0.018588887141146676
1.0168638374301295, 0.028127545238882584
1.0176555646881682, 0.050994276322336524
1.019239019204245, 0.08393923849084953
1.019239019204245, 0.06335838311723752
1.0195029282902577, 0.03707081245405497
1.019239019204245, 0.02140458985660318
1.0200307464622835, 0.01865090702474706
1.0209544282633285, 0.02830533557187026
1.0216142009783604, 0.05132652569876703
1.0231976554944373, 0.08447260948981267
1.0231976554944373, 0.06364633257681065
1.0231976554944373, 0.037310032005084925
1.0231976554944373, 0.021466609740203563
1.0239893827524758, 0.01865090702474706
1.0247811100105142, 0.028574088400805192
1.0255728372685526, 0.05161447515834017
1.0271562917846295, 0.08504939440729603
1.0273824995726404, 0.06404946182021301
1.0271562917846295, 0.03765379935989838
1.0271562917846295, 0.02151622564708383
1.027948019042668, 0.01865090702474706
1.0287397463007064, 0.028797359981766496
1.0295314735587449, 0.05194672453477067
1.0311149280748217, 0.08558896739461921
1.0311149280748217, 0.06435070125484332
1.0313788371608346, 0.03793909082446004
1.0311149280748217, 0.021578245530684187
1.0319066553328602, 0.01865090702474706
1.0329622916769114, 0.02900822758600774
1.0332262007629245, 0.05228635723067743
1.0350735643650142, 0.08616575231210258
1.0350735643650142, 0.06472282055644552
1.0350735643650142, 0.03817831037548999
1.0350735643650142, 0.021640265414284543
1.0358652916230526, 0.01865090702474706
1.036920927967104, 0.029256307120409192
1.0377126552251423, 0.05265847653227962
1.0390322006552064, 0.08677974915974618
1.0389332347479516, 0.06502627498691874
1.0390322006552064, 0.03846625983506313
1.0390322006552064, 0.021714689274605015
1.0398239279132448, 0.018712926908347416
1.040879564257296, 0.029504386654810644
1.0414073824293217, 0.05293904267237648
1.0429908369453986, 0.08734413010050948
1.0429908369453986, 0.06538288931762082
1.0429908369453986, 0.03879850921149364
1.0429908369453986, 0.021764305181485283
1.043782564203437, 0.018712926908347416
1.0445742914614755, 0.029789678119372304
1.045366018719514, 0.05322699213194962
1.0469494732355908, 0.08791471302963283
1.047175681023602, 0.06578601856102317
1.0469494732355908, 0.039086458671066776
1.0469494732355908, 0.021851133018525787
1.0477412004936295, 0.018712926908347416
1.0484009732086614, 0.030000545723613548
1.0493246550097064, 0.05355924150838012
1.0509081095257833, 0.08851630590055634
1.051007075433038, 0.06611162294992509
1.0507761549827768, 0.03944824132540223
1.0509081095257833, 0.021913152902126143
1.0516998367838217, 0.018725330885067476
1.0526235185848667, 0.030289971847081903
1.0530193822138858, 0.05389887420428688
1.0548667458159755, 0.08913650473655998
1.055064677630485, 0.06646823728062717
1.054998700358982, 0.03982036062700442
1.0548667458159755, 0.021987576762446615
1.055658473074014, 0.018774946791947772
1.0564502003320524, 0.030583532629456955
1.0572419275900908, 0.054219310269555426
1.0588253821061677, 0.0897567035725636
1.0590233139206773, 0.06684035658222937
1.0588253821061677, 0.040078776808672584
1.0588253821061677, 0.02206200062276703
1.0596171093642062, 0.018774946791947772
1.0604088366222446, 0.030775794268618067
1.061200563880283, 0.05455155964598593
1.06278401839636, 0.09037690240856724
1.0629819502108697, 0.06721247588383153
1.0628971222903656, 0.04044646611858904
1.06278401839636, 0.022148828459807535
1.0635757456543986, 0.018787350768667832
1.064367472912437, 0.031154115558580303
1.0650460962764698, 0.0548882390141022
1.066566715295877, 0.09097987349912634
1.066940586501062, 0.06758459518543372
1.0667426546865524, 0.04078314548670528
1.0667426546865524, 0.022235656296848066
1.0675343819445908, 0.018836966675548128
1.0684580637456358, 0.03140632975188842
1.0691178364606677, 0.055211628407161234
1.0700855031093812, 0.09166898331690815
1.0708772303674199, 0.06794982338885808
1.070503359162235, 0.04110210488807858
1.0707012909767446, 0.022310080157168483
1.071493018234783, 0.018836966675548128
1.0722847454928215, 0.03164407263902316
1.0732744045653695, 0.055552737766963234
1.0738682000088984, 0.09223749891657815
1.0747588931741916, 0.06834433875953816
1.074560961359682, 0.041458719218780665
1.0746599272669368, 0.022396907994209014
1.0754516545249753, 0.018874178605708364
1.0762433817830137, 0.03197632201545367
1.0770351090410522, 0.05591599708519393
1.0776508969084155, 0.09281290561442596
1.078717529464384, 0.06871645806114035
1.0786185635571293, 0.04181533354948275
1.0786185635571293, 0.02249613980796958
1.0794102908151677, 0.018898986559148512
1.0802020180732061, 0.03226427147502681
1.0811696847219197, 0.09352268872674122
1.0809937453312446, 0.05620394654476704
1.0825771998473215, 0.06910408233364262
1.0825771998473215, 0.04218745285108494
1.0825771998473215, 0.022595371621730143
1.08336892710536, 0.018911390535868572
1.0841606543633984, 0.03259652085145731
1.0849523816214368, 0.09409809542458905
1.0849523816214368, 0.05657606584636923
1.086436870230259, 0.0694917066061449
1.0865358361375137, 0.0425595721526871
1.0865358361375137, 0.022682199458770674
1.0873275633955521, 0.018961006442748868
1.0881192906535906, 0.03288447031103042
1.088911017911629, 0.09482993005107335
1.088911017911629, 0.05690831522279974
1.0903185330370309, 0.06985176648593588
1.0905824421230437, 0.0429351370033782
1.090494472427706, 0.02276902729581118
1.0912861996857444, 0.018961006442748868
1.0920779269437828, 0.03321671968746093
1.0926937148111462, 0.0954384140201747
1.0928696542018213, 0.0572804345244019
1.0944531087178984, 0.07026523237660498
1.0943541428106434, 0.04331931572679157
1.0944531087178984, 0.02288066308629183
1.0952448359759368, 0.019023026326349224
1.0962125026246503, 0.09613441493613431
1.0960365632339752, 0.03358883898906312
1.096729324584759, 0.05758388895487512
1.0985107109153454, 0.07070109433635197
1.0982358056174153, 0.04367937560658258
1.0984117450080906, 0.022979894900052422
1.099203472266129, 0.019023026326349224
1.0996983018024031, 0.09667192059400412
1.0997689917361566, 0.03383691852346457
1.100153544975775, 0.05787228141361683
1.1011827904112252, 0.07087164901625298
1.1011827904112252, 0.04389299965009494
1.100786926782206, 0.02305431876037284
